{
  "counts": {
    "drift_flag_count": 17,
    "rows": 1583
  },
  "coverage": {
    "warm_rows": 851,
    "warmup_rows": 732
  },
  "distributions": {
    "condition_number_raw": {
      "count": 1583,
      "p01": 2.0725370866112516,
      "p05": 2.0725370866112516,
      "p50": 3.85301444235814,
      "p95": 10.239406698961957,
      "p99": 40.894889054371326
    },
    "condition_number_reg": {
      "count": 1583,
      "p01": 2.0725370866112516,
      "p05": 2.0725370866112516,
      "p50": 3.85301444235814,
      "p95": 10.239406698961957,
      "p99": 40.894889054371326
    },
    "huber_weight": {
      "count": 1583,
      "p01": 0.2632540187664246,
      "p05": 0.4484491914533091,
      "p50": 1.0,
      "p95": 1.0,
      "p99": 1.0
    },
    "maha": {
      "count": 1583,
      "p01": 0.0,
      "p05": 0.0,
      "p50": 0.9505461635660538,
      "p95": 5.574883597668565,
      "p99": 9.49671567092983
    }
  },
  "frequencies": {
    "eigval_2_was_floored_frequency": 0.0,
    "huber_weight_lt_1_frequency": 0.15540113708149084,
    "state_health_degradation_frequency": 0.0
  }
}