{
  "counts": {
    "drift_flag_count": 25,
    "rows": 1374
  },
  "coverage": {
    "warm_rows": 851,
    "warmup_rows": 523
  },
  "distributions": {
    "condition_number_raw": {
      "count": 1374,
      "p01": 2.08766319027844,
      "p05": 2.08766319027844,
      "p50": 4.09061128056549,
      "p95": 7.591785770192237,
      "p99": 8.527119732756049
    },
    "condition_number_reg": {
      "count": 1374,
      "p01": 2.08766319027844,
      "p05": 2.08766319027844,
      "p50": 4.09061128056549,
      "p95": 7.591785770192237,
      "p99": 8.527119732756049
    },
    "huber_weight": {
      "count": 1374,
      "p01": 0.38252789913648655,
      "p05": 0.5672691232968241,
      "p50": 1.0,
      "p95": 1.0,
      "p99": 1.0
    },
    "maha": {
      "count": 1374,
      "p01": 0.0,
      "p05": 0.0,
      "p50": 1.070986465808791,
      "p95": 4.407079545261511,
      "p99": 6.535475571996813
    }
  },
  "frequencies": {
    "eigval_2_was_floored_frequency": 0.0,
    "huber_weight_lt_1_frequency": 0.1572052401746725,
    "state_health_degradation_frequency": 0.0
  }
}