{
  "counts": {
    "drift_flag_count": 19,
    "rows": 1357
  },
  "coverage": {
    "warm_rows": 834,
    "warmup_rows": 523
  },
  "distributions": {
    "condition_number_raw": {
      "count": 1357,
      "p01": 2.063161588411864,
      "p05": 2.063161588411864,
      "p50": 4.083210422625811,
      "p95": 7.217293450569515,
      "p99": 7.967035855735663
    },
    "condition_number_reg": {
      "count": 1357,
      "p01": 2.063161588411864,
      "p05": 2.063161588411864,
      "p50": 4.083210422625811,
      "p95": 7.217293450569515,
      "p99": 7.967035855735663
    },
    "huber_weight": {
      "count": 1357,
      "p01": 0.4368315336236555,
      "p05": 0.6232354343276458,
      "p50": 1.0,
      "p95": 1.0,
      "p99": 1.0
    },
    "maha": {
      "count": 1357,
      "p01": 0.0,
      "p05": 0.0,
      "p50": 1.2740413108390165,
      "p95": 4.011326339056176,
      "p99": 5.723678650255027
    }
  },
  "frequencies": {
    "eigval_2_was_floored_frequency": 0.0,
    "huber_weight_lt_1_frequency": 0.27339719970523213,
    "state_health_degradation_frequency": 0.0
  }
}