{
  "counts": {
    "drift_flag_count": 12,
    "rows": 1356
  },
  "coverage": {
    "warm_rows": 834,
    "warmup_rows": 522
  },
  "distributions": {
    "condition_number_raw": {
      "count": 1356,
      "p01": 3.133390981722728,
      "p05": 3.2597645512034252,
      "p50": 5.983875686876971,
      "p95": 12.354166772728222,
      "p99": 17.016341620827298
    },
    "condition_number_reg": {
      "count": 1356,
      "p01": 3.133390981722728,
      "p05": 3.2597645512034252,
      "p50": 5.983875686876971,
      "p95": 12.354166772728222,
      "p99": 17.016341620827298
    },
    "huber_weight": {
      "count": 1356,
      "p01": 0.3068748385579911,
      "p05": 0.5599533342676823,
      "p50": 1.0,
      "p95": 1.0,
      "p99": 1.0
    },
    "maha": {
      "count": 1356,
      "p01": 0.0,
      "p05": 0.0,
      "p50": 1.0461962739179627,
      "p95": 4.46478449173466,
      "p99": 8.146645828724974
    }
  },
  "frequencies": {
    "eigval_2_was_floored_frequency": 0.0,
    "huber_weight_lt_1_frequency": 0.140117994100295,
    "state_health_degradation_frequency": 0.0
  }
}